protein_id,implementation,run,time_seconds
clbA,new,1,0.824921
clbA,new,2,0.803567
clbA,new,3,0.810149
clbA,new,4,0.807574
clbA,new,5,0.799495
clbA,new,6,0.80511
clbA,new,7,0.814366
clbA,new,8,0.804864
clbA,new,9,0.807647
clbA,new,10,0.804163
clbA,new,11,0.845488
clbA,new,12,0.798121
clbA,new,13,0.799031
clbA,new,14,0.799747
clbA,new,15,0.80764
clbA,new,16,0.801229
clbA,new,17,0.795063
clbA,new,18,0.807348
clbA,new,19,0.825202
clbA,new,20,0.808356
clbA,new,21,0.80783
clbA,new,22,0.820588
clbA,new,23,0.838841
clbA,new,24,0.826048
clbA,new,25,0.82631
clbA,new,26,0.838064
clbA,new,27,0.837533
clbA,new,28,0.828894
clbA,new,29,0.806732
clbA,new,30,0.832041
clbA,new,31,0.827165
clbA,new,32,0.815272
clbA,new,33,0.808139
clbA,new,34,0.826037
clbA,new,35,0.814372
clbA,new,36,0.82501
clbA,new,37,0.811723
clbA,new,38,0.820729
clbA,new,39,0.803949
clbA,new,40,0.791994
clbA,new,41,0.815729
clbA,new,42,0.809729
clbA,new,43,0.803051
clbA,new,44,0.808647
clbA,new,45,0.808937
clbA,new,46,0.829595
clbA,new,47,0.814988
clbA,new,48,0.80707
clbA,new,49,0.829008
clbA,new,50,0.812132
clbA,new,51,0.813726
clbA,new,52,0.800182
clbA,new,53,0.820348
clbA,new,54,0.828074
clbA,new,55,0.81401
clbA,new,56,0.81403
clbA,new,57,0.794843
clbA,new,58,0.794667
clbA,new,59,0.805084
clbA,new,60,0.795786
clbA,new,61,0.804908
clbA,new,62,0.799634
clbA,new,63,0.828846
clbA,new,64,0.806949
clbA,new,65,0.795754
clbA,new,66,0.7982
clbA,new,67,0.79251
clbA,new,68,0.794405
clbA,new,69,0.795656
clbA,new,70,0.832103
clbA,new,71,0.822935
clbA,new,72,0.793915
clbA,new,73,0.788984
clbA,new,74,0.792801
clbA,new,75,0.833281
clbA,new,76,0.802213
clbA,new,77,0.804384
clbA,new,78,0.820912
clbA,new,79,0.809871
clbA,new,80,0.826634
clbA,new,81,0.818234
clbA,new,82,0.807746
clbA,new,83,0.832716
clbA,new,84,0.800725
clbA,new,85,0.792047
clbA,new,86,0.798416
clbA,new,87,0.808067
clbA,new,88,0.806433
clbA,new,89,1.03798
clbA,new,90,0.806372
clbA,new,91,0.820963
clbA,new,92,0.814687
clbA,new,93,0.826369
clbA,new,94,0.827587
clbA,new,95,0.805247
clbA,new,96,0.83403
clbA,new,97,0.81992
clbA,new,98,0.815601
clbA,new,99,0.828768
clbA,new,100,0.834476
clbA,old,1,2.33141
clbA,old,2,2.32094
clbA,old,3,2.31939
clbA,old,4,2.31924
clbA,old,5,2.32504
clbA,old,6,2.31738
clbA,old,7,2.31076
clbA,old,8,2.32891
clbA,old,9,2.30563
clbA,old,10,2.32434
clbA,old,11,2.31429
clbA,old,12,2.31913
clbA,old,13,2.29715
clbA,old,14,2.30293
clbA,old,15,2.31901
clbA,old,16,2.31626
clbA,old,17,2.314
clbA,old,18,2.30665
clbA,old,19,2.30305
clbA,old,20,2.31451
clbA,old,21,2.32229
clbA,old,22,2.32372
clbA,old,23,2.30396
clbA,old,24,2.32583
clbA,old,25,2.32803
clbA,old,26,2.32727
clbA,old,27,2.31511
clbA,old,28,2.30923
clbA,old,29,2.31086
clbA,old,30,2.32
clbA,old,31,2.33239
clbA,old,32,2.31893
clbA,old,33,2.31593
clbA,old,34,2.33965
clbA,old,35,2.30675
clbA,old,36,2.29184
clbA,old,37,2.31377
clbA,old,38,2.31159
clbA,old,39,2.32338
clbA,old,40,2.2923
clbA,old,41,2.28971
clbA,old,42,2.29107
clbA,old,43,2.31123
clbA,old,44,2.3286
clbA,old,45,2.31757
clbA,old,46,2.30035
clbA,old,47,2.3025
clbA,old,48,2.29565
clbA,old,49,2.30554
clbA,old,50,2.30059
clbA,old,51,2.31071
clbA,old,52,2.30383
clbA,old,53,2.33347
clbA,old,54,2.32189
clbA,old,55,2.32863
clbA,old,56,2.32239
clbA,old,57,2.32179
clbA,old,58,2.32618
clbA,old,59,2.32503
clbA,old,60,2.30699
clbA,old,61,2.29829
clbA,old,62,2.29622
clbA,old,63,2.31708
clbA,old,64,2.29345
clbA,old,65,2.3161
clbA,old,66,2.30924
clbA,old,67,2.29739
clbA,old,68,2.32482
clbA,old,69,2.33161
clbA,old,70,2.35324
clbA,old,71,2.33417
clbA,old,72,2.3528
clbA,old,73,2.34039
clbA,old,74,2.3154
clbA,old,75,2.35354
clbA,old,76,2.31054
clbA,old,77,2.33094
clbA,old,78,2.35156
clbA,old,79,2.35128
clbA,old,80,2.30703
clbA,old,81,2.32863
clbA,old,82,2.32573
clbA,old,83,2.32878
clbA,old,84,2.29189
clbA,old,85,2.3125
clbA,old,86,2.31891
clbA,old,87,2.32108
clbA,old,88,2.32323
clbA,old,89,2.30767
clbA,old,90,2.30394
clbA,old,91,2.34197
clbA,old,92,2.35014
clbA,old,93,2.32953
clbA,old,94,2.31988
clbA,old,95,2.31699
clbA,old,96,2.34026
clbA,old,97,2.30042
clbA,old,98,2.31821
clbA,old,99,2.29317
clbA,old,100,2.28192
clbC,new,1,0.804856
clbC,new,2,0.810483
clbC,new,3,0.808522
clbC,new,4,0.8012
clbC,new,5,0.792918
clbC,new,6,0.816993
clbC,new,7,0.798057
clbC,new,8,0.825558
clbC,new,9,0.817868
clbC,new,10,0.81687
clbC,new,11,0.8123
clbC,new,12,0.797052
clbC,new,13,0.886968
clbC,new,14,0.809496
clbC,new,15,0.853579
clbC,new,16,0.809694
clbC,new,17,0.832683
clbC,new,18,0.839272
clbC,new,19,0.8283
clbC,new,20,0.821371
clbC,new,21,0.810683
clbC,new,22,0.809729
clbC,new,23,0.80373
clbC,new,24,0.836818
clbC,new,25,0.806618
clbC,new,26,0.826372
clbC,new,27,0.79974
clbC,new,28,0.826962
clbC,new,29,0.803666
clbC,new,30,0.821213
clbC,new,31,0.82918
clbC,new,32,0.79599
clbC,new,33,0.800393
clbC,new,34,0.819711
clbC,new,35,0.800167
clbC,new,36,0.798057
clbC,new,37,0.805179
clbC,new,38,0.84551
clbC,new,39,0.808204
clbC,new,40,0.802227
clbC,new,41,0.815308
clbC,new,42,0.793722
clbC,new,43,0.825294
clbC,new,44,0.827731
clbC,new,45,0.802913
clbC,new,46,0.814531
clbC,new,47,0.826285
clbC,new,48,0.796791
clbC,new,49,0.810951
clbC,new,50,0.820272
clbC,new,51,0.796154
clbC,new,52,0.852785
clbC,new,53,0.808356
clbC,new,54,0.821836
clbC,new,55,0.825339
clbC,new,56,0.797997
clbC,new,57,0.839274
clbC,new,58,0.802269
clbC,new,59,0.82316
clbC,new,60,0.807622
clbC,new,61,0.813983
clbC,new,62,0.817183
clbC,new,63,0.798239
clbC,new,64,0.800712
clbC,new,65,0.79485
clbC,new,66,0.80064
clbC,new,67,0.795943
clbC,new,68,0.79274
clbC,new,69,0.79882
clbC,new,70,0.838789
clbC,new,71,0.809573
clbC,new,72,0.823756
clbC,new,73,0.828491
clbC,new,74,0.798692
clbC,new,75,0.833422
clbC,new,76,0.829199
clbC,new,77,0.823997
clbC,new,78,0.833634
clbC,new,79,0.799446
clbC,new,80,0.819712
clbC,new,81,0.858438
clbC,new,82,0.81939
clbC,new,83,0.824448
clbC,new,84,0.808297
clbC,new,85,0.842899
clbC,new,86,0.824577
clbC,new,87,0.796817
clbC,new,88,0.827078
clbC,new,89,0.824461
clbC,new,90,0.836365
clbC,new,91,0.847765
clbC,new,92,0.802464
clbC,new,93,0.830906
clbC,new,94,0.822708
clbC,new,95,0.837932
clbC,new,96,0.808447
clbC,new,97,0.822505
clbC,new,98,0.806995
clbC,new,99,0.851841
clbC,new,100,0.814449
clbC,old,1,2.32617
clbC,old,2,2.32262
clbC,old,3,2.30117
clbC,old,4,2.31329
clbC,old,5,2.30919
clbC,old,6,2.31246
clbC,old,7,2.32519
clbC,old,8,2.30623
clbC,old,9,2.29714
clbC,old,10,2.31238
clbC,old,11,2.30084
clbC,old,12,2.29602
clbC,old,13,2.33225
clbC,old,14,2.38271
clbC,old,15,2.29604
clbC,old,16,2.29439
clbC,old,17,2.30037
clbC,old,18,2.31813
clbC,old,19,2.34436
clbC,old,20,2.32231
clbC,old,21,2.329
clbC,old,22,2.34074
clbC,old,23,2.31287
clbC,old,24,2.29904
clbC,old,25,2.30349
clbC,old,26,2.32022
clbC,old,27,2.32653
clbC,old,28,2.3206
clbC,old,29,2.31964
clbC,old,30,2.32804
clbC,old,31,2.31809
clbC,old,32,2.32261
clbC,old,33,2.31869
clbC,old,34,2.31337
clbC,old,35,2.29312
clbC,old,36,2.30966
clbC,old,37,2.29456
clbC,old,38,2.32196
clbC,old,39,2.31942
clbC,old,40,2.30184
clbC,old,41,2.32566
clbC,old,42,2.30099
clbC,old,43,2.32686
clbC,old,44,2.32211
clbC,old,45,2.30566
clbC,old,46,2.33182
clbC,old,47,2.31558
clbC,old,48,2.32716
clbC,old,49,2.33245
clbC,old,50,2.31023
clbC,old,51,2.31243
clbC,old,52,2.31127
clbC,old,53,2.3066
clbC,old,54,2.3268
clbC,old,55,2.31536
clbC,old,56,2.31628
clbC,old,57,2.3085
clbC,old,58,2.3267
clbC,old,59,2.31395
clbC,old,60,2.30006
clbC,old,61,2.32972
clbC,old,62,2.32703
clbC,old,63,2.31652
clbC,old,64,2.33675
clbC,old,65,2.32842
clbC,old,66,2.31296
clbC,old,67,2.3101
clbC,old,68,2.3237
clbC,old,69,2.31791
clbC,old,70,2.30154
clbC,old,71,2.30709
clbC,old,72,2.31404
clbC,old,73,2.34424
clbC,old,74,2.33695
clbC,old,75,2.33044
clbC,old,76,2.31591
clbC,old,77,2.32448
clbC,old,78,2.29763
clbC,old,79,2.34253
clbC,old,80,2.3069
clbC,old,81,2.30769
clbC,old,82,2.30961
clbC,old,83,2.31644
clbC,old,84,2.30329
clbC,old,85,2.34237
clbC,old,86,2.31186
clbC,old,87,2.31596
clbC,old,88,2.31079
clbC,old,89,2.32651
clbC,old,90,2.33089
clbC,old,91,2.30503
clbC,old,92,2.32033
clbC,old,93,2.31624
clbC,old,94,2.32426
clbC,old,95,2.31473
clbC,old,96,2.31351
clbC,old,97,2.31164
clbC,old,98,2.31676
clbC,old,99,2.3144
clbC,old,100,2.30851
clbF,new,1,0.801086
clbF,new,2,0.79892
clbF,new,3,0.814929
clbF,new,4,0.823814
clbF,new,5,0.809169
clbF,new,6,0.810426
clbF,new,7,0.803868
clbF,new,8,0.805115
clbF,new,9,0.803998
clbF,new,10,0.819807
clbF,new,11,0.794864
clbF,new,12,0.820217
clbF,new,13,0.801911
clbF,new,14,0.801099
clbF,new,15,0.825646
clbF,new,16,0.811445
clbF,new,17,0.825254
clbF,new,18,0.805891
clbF,new,19,0.796897
clbF,new,20,0.806226
clbF,new,21,0.831745
clbF,new,22,0.823948
clbF,new,23,0.839237
clbF,new,24,0.800762
clbF,new,25,0.817489
clbF,new,26,0.806147
clbF,new,27,0.824479
clbF,new,28,0.82311
clbF,new,29,0.806736
clbF,new,30,0.808366
clbF,new,31,0.822248
clbF,new,32,0.826479
clbF,new,33,0.802524
clbF,new,34,0.80192
clbF,new,35,0.813907
clbF,new,36,0.845637
clbF,new,37,0.802269
clbF,new,38,0.797305
clbF,new,39,0.800045
clbF,new,40,0.805199
clbF,new,41,0.806462
clbF,new,42,0.809836
clbF,new,43,0.805663
clbF,new,44,0.826077
clbF,new,45,0.830094
clbF,new,46,0.815981
clbF,new,47,0.805117
clbF,new,48,0.813185
clbF,new,49,0.797773
clbF,new,50,0.796227
clbF,new,51,0.827551
clbF,new,52,0.792461
clbF,new,53,0.820118
clbF,new,54,0.805603
clbF,new,55,0.820997
clbF,new,56,0.806691
clbF,new,57,0.80062
clbF,new,58,0.827573
clbF,new,59,0.810607
clbF,new,60,0.829244
clbF,new,61,0.828927
clbF,new,62,0.820046
clbF,new,63,0.805371
clbF,new,64,0.80876
clbF,new,65,0.805552
clbF,new,66,0.814114
clbF,new,67,0.808097
clbF,new,68,0.804806
clbF,new,69,0.817482
clbF,new,70,0.82124
clbF,new,71,0.814533
clbF,new,72,0.799821
clbF,new,73,0.800805
clbF,new,74,0.80353
clbF,new,75,0.797666
clbF,new,76,0.797344
clbF,new,77,0.816038
clbF,new,78,0.810299
clbF,new,79,0.844638
clbF,new,80,0.806143
clbF,new,81,0.813056
clbF,new,82,0.829125
clbF,new,83,0.803644
clbF,new,84,0.813226
clbF,new,85,0.806592
clbF,new,86,0.798599
clbF,new,87,0.81043
clbF,new,88,0.799479
clbF,new,89,0.812244
clbF,new,90,0.833423
clbF,new,91,0.793037
clbF,new,92,0.826032
clbF,new,93,0.799014
clbF,new,94,0.815292
clbF,new,95,0.816581
clbF,new,96,0.795482
clbF,new,97,0.800433
clbF,new,98,0.798041
clbF,new,99,0.806655
clbF,new,100,0.847765
clbF,old,1,1.82226
clbF,old,2,1.79831
clbF,old,3,1.80629
clbF,old,4,1.7961
clbF,old,5,1.79557
clbF,old,6,1.84341
clbF,old,7,1.80479
clbF,old,8,1.80166
clbF,old,9,1.79995
clbF,old,10,1.85782
clbF,old,11,1.80784
clbF,old,12,1.91936
clbF,old,13,2.0049
clbF,old,14,1.83726
clbF,old,15,1.84268
clbF,old,16,1.8209
clbF,old,17,1.8553
clbF,old,18,1.83328
clbF,old,19,1.81923
clbF,old,20,1.82002
clbF,old,21,1.81194
clbF,old,22,1.80612
clbF,old,23,1.81555
clbF,old,24,1.81187
clbF,old,25,1.81258
clbF,old,26,1.83338
clbF,old,27,1.82111
clbF,old,28,1.80187
clbF,old,29,1.82353
clbF,old,30,1.81164
clbF,old,31,1.80248
clbF,old,32,1.80936
clbF,old,33,1.80532
clbF,old,34,1.81431
clbF,old,35,1.80655
clbF,old,36,1.85848
clbF,old,37,1.81901
clbF,old,38,1.80436
clbF,old,39,1.79353
clbF,old,40,1.77987
clbF,old,41,1.76741
clbF,old,42,1.77708
clbF,old,43,1.77358
clbF,old,44,1.76672
clbF,old,45,1.76288
clbF,old,46,1.79723
clbF,old,47,1.8128
clbF,old,48,1.82595
clbF,old,49,1.85407
clbF,old,50,1.82286
clbF,old,51,1.80571
clbF,old,52,1.81895
clbF,old,53,1.8107
clbF,old,54,1.81084
clbF,old,55,1.82122
clbF,old,56,1.83913
clbF,old,57,1.81373
clbF,old,58,1.82122
clbF,old,59,1.82304
clbF,old,60,1.81173
clbF,old,61,1.8265
clbF,old,62,1.82249
clbF,old,63,1.82539
clbF,old,64,1.82812
clbF,old,65,1.81251
clbF,old,66,1.83221
clbF,old,67,1.79691
clbF,old,68,1.82485
clbF,old,69,1.8171
clbF,old,70,1.81774
clbF,old,71,1.83099
clbF,old,72,1.82517
clbF,old,73,1.80828
clbF,old,74,1.83206
clbF,old,75,2.38709
clbF,old,76,1.81748
clbF,old,77,1.82413
clbF,old,78,1.82634
clbF,old,79,1.81041
clbF,old,80,1.82163
clbF,old,81,1.83459
clbF,old,82,1.81483
clbF,old,83,1.81368
clbF,old,84,1.82351
clbF,old,85,1.81726
clbF,old,86,1.81759
clbF,old,87,1.80838
clbF,old,88,2.03676
clbF,old,89,1.8255
clbF,old,90,1.82243
clbF,old,91,1.81002
clbF,old,92,1.80711
clbF,old,93,1.82188
clbF,old,94,1.83522
clbF,old,95,1.83213
clbF,old,96,1.82912
clbF,old,97,1.83451
clbF,old,98,1.79926
clbF,old,99,1.77411
clbF,old,100,1.76596
clbO,new,1,0.758682
clbO,new,2,0.76087
clbO,new,3,0.824139
clbO,new,4,0.789491
clbO,new,5,0.805259
clbO,new,6,0.812936
clbO,new,7,0.797177
clbO,new,8,0.813503
clbO,new,9,0.807111
clbO,new,10,0.829738
clbO,new,11,0.815206
clbO,new,12,0.82713
clbO,new,13,0.816135
clbO,new,14,0.818242
clbO,new,15,0.840709
clbO,new,16,0.814994
clbO,new,17,0.81776
clbO,new,18,0.800099
clbO,new,19,0.817782
clbO,new,20,0.828254
clbO,new,21,0.813798
clbO,new,22,0.816941
clbO,new,23,0.819136
clbO,new,24,0.801862
clbO,new,25,0.813475
clbO,new,26,0.806543
clbO,new,27,0.820151
clbO,new,28,0.801858
clbO,new,29,0.834196
clbO,new,30,0.825144
clbO,new,31,0.831511
clbO,new,32,0.817347
clbO,new,33,0.810124
clbO,new,34,0.806567
clbO,new,35,0.807678
clbO,new,36,0.845364
clbO,new,37,0.822687
clbO,new,38,0.83417
clbO,new,39,0.839425
clbO,new,40,0.823763
clbO,new,41,0.811982
clbO,new,42,0.817596
clbO,new,43,0.817271
clbO,new,44,0.804424
clbO,new,45,0.831809
clbO,new,46,0.80808
clbO,new,47,0.822678
clbO,new,48,0.815054
clbO,new,49,0.809469
clbO,new,50,0.802766
clbO,new,51,0.820044
clbO,new,52,0.843318
clbO,new,53,0.825516
clbO,new,54,0.81265
clbO,new,55,0.804664
clbO,new,56,0.841004
clbO,new,57,0.805372
clbO,new,58,0.814302
clbO,new,59,0.796655
clbO,new,60,0.812515
clbO,new,61,0.794456
clbO,new,62,0.794792
clbO,new,63,0.796698
clbO,new,64,0.837611
clbO,new,65,0.792619
clbO,new,66,0.808524
clbO,new,67,0.808581
clbO,new,68,0.803212
clbO,new,69,0.804215
clbO,new,70,0.810756
clbO,new,71,0.803532
clbO,new,72,0.800073
clbO,new,73,0.806967
clbO,new,74,0.821648
clbO,new,75,0.828417
clbO,new,76,0.810238
clbO,new,77,0.814178
clbO,new,78,0.821943
clbO,new,79,0.80642
clbO,new,80,0.80364
clbO,new,81,0.814544
clbO,new,82,0.829631
clbO,new,83,0.823545
clbO,new,84,0.81984
clbO,new,85,0.826587
clbO,new,86,0.798472
clbO,new,87,0.809948
clbO,new,88,0.797845
clbO,new,89,0.802371
clbO,new,90,0.820968
clbO,new,91,0.812165
clbO,new,92,0.815039
clbO,new,93,0.83252
clbO,new,94,0.832165
clbO,new,95,0.832888
clbO,new,96,0.807194
clbO,new,97,0.801327
clbO,new,98,0.822334
clbO,new,99,0.831511
clbO,new,100,0.828872
clbO,old,1,0.817175
clbO,old,2,0.808613
clbO,old,3,0.806526
clbO,old,4,0.837824
clbO,old,5,0.836944
clbO,old,6,0.81149
clbO,old,7,0.931479
clbO,old,8,0.835383
clbO,old,9,0.810377
clbO,old,10,0.808068
clbO,old,11,0.830646
clbO,old,12,0.829559
clbO,old,13,0.817141
clbO,old,14,0.809106
clbO,old,15,0.829381
clbO,old,16,0.827908
clbO,old,17,0.823232
clbO,old,18,0.811007
clbO,old,19,0.82549
clbO,old,20,0.827874
clbO,old,21,0.81769
clbO,old,22,0.814461
clbO,old,23,0.817227
clbO,old,24,0.820498
clbO,old,25,0.813434
clbO,old,26,0.80781
clbO,old,27,0.822321
clbO,old,28,0.803237
clbO,old,29,0.803062
clbO,old,30,0.813153
clbO,old,31,0.807785
clbO,old,32,0.825928
clbO,old,33,0.816932
clbO,old,34,0.808401
clbO,old,35,0.814523
clbO,old,36,0.802881
clbO,old,37,0.798673
clbO,old,38,0.80335
clbO,old,39,0.819201
clbO,old,40,0.824078
clbO,old,41,0.807135
clbO,old,42,0.803474
clbO,old,43,0.802313
clbO,old,44,0.812671
clbO,old,45,0.804374
clbO,old,46,0.842261
clbO,old,47,0.818229
clbO,old,48,0.812988
clbO,old,49,0.85351
clbO,old,50,0.841089
clbO,old,51,0.807121
clbO,old,52,0.821738
clbO,old,53,0.804716
clbO,old,54,0.819704
clbO,old,55,0.814311
clbO,old,56,0.820889
clbO,old,57,0.835027
clbO,old,58,0.824214
clbO,old,59,0.845422
clbO,old,60,0.809197
clbO,old,61,0.806929
clbO,old,62,0.847354
clbO,old,63,0.809425
clbO,old,64,0.819346
clbO,old,65,0.808544
clbO,old,66,0.815209
clbO,old,67,0.817938
clbO,old,68,0.815198
clbO,old,69,0.820905
clbO,old,70,0.817166
clbO,old,71,0.814457
clbO,old,72,0.826241
clbO,old,73,0.838638
clbO,old,74,0.819678
clbO,old,75,0.828542
clbO,old,76,0.79821
clbO,old,77,0.808772
clbO,old,78,0.813542
clbO,old,79,0.803273
clbO,old,80,0.80578
clbO,old,81,0.807361
clbO,old,82,0.802613
clbO,old,83,0.830508
clbO,old,84,0.826252
clbO,old,85,0.816074
clbO,old,86,0.799539
clbO,old,87,0.826805
clbO,old,88,0.825128
clbO,old,89,0.824046
clbO,old,90,0.806733
clbO,old,91,0.823979
clbO,old,92,0.818649
clbO,old,93,0.84916
clbO,old,94,0.793733
clbO,old,95,0.829507
clbO,old,96,0.784178
clbO,old,97,0.824567
clbO,old,98,0.808177
clbO,old,99,0.820326
clbO,old,100,0.819026
clbJ,new,1,0.824674
clbJ,new,2,0.828181
clbJ,new,3,0.82196
clbJ,new,4,0.812651
clbJ,new,5,0.823576
clbJ,new,6,0.79705
clbJ,new,7,0.830944
clbJ,new,8,0.818583
clbJ,new,9,0.827579
clbJ,new,10,0.803238
clbJ,new,11,0.798258
clbJ,new,12,0.837511
clbJ,new,13,0.803234
clbJ,new,14,0.818758
clbJ,new,15,0.804262
clbJ,new,16,0.807826
clbJ,new,17,0.810713
clbJ,new,18,0.811565
clbJ,new,19,0.809715
clbJ,new,20,0.81336
clbJ,new,21,0.810241
clbJ,new,22,0.823786
clbJ,new,23,0.832606
clbJ,new,24,0.821966
clbJ,new,25,0.822248
clbJ,new,26,0.806104
clbJ,new,27,0.82439
clbJ,new,28,0.841722
clbJ,new,29,0.847402
clbJ,new,30,0.812071
clbJ,new,31,0.829168
clbJ,new,32,0.82184
clbJ,new,33,0.809115
clbJ,new,34,0.826934
clbJ,new,35,0.808938
clbJ,new,36,0.814162
clbJ,new,37,0.795307
clbJ,new,38,0.813468
clbJ,new,39,0.807234
clbJ,new,40,0.82616
clbJ,new,41,0.802871
clbJ,new,42,0.801866
clbJ,new,43,0.8205
clbJ,new,44,0.803788
clbJ,new,45,0.807135
clbJ,new,46,0.803811
clbJ,new,47,0.805354
clbJ,new,48,0.810568
clbJ,new,49,0.802042
clbJ,new,50,0.831812
clbJ,new,51,0.79942
clbJ,new,52,0.830327
clbJ,new,53,0.811876
clbJ,new,54,0.827159
clbJ,new,55,0.810577
clbJ,new,56,0.82248
clbJ,new,57,0.792591
clbJ,new,58,0.801871
clbJ,new,59,0.830796
clbJ,new,60,0.823186
clbJ,new,61,0.81071
clbJ,new,62,0.827276
clbJ,new,63,0.801267
clbJ,new,64,0.814729
clbJ,new,65,0.831968
clbJ,new,66,0.829381
clbJ,new,67,0.805103
clbJ,new,68,0.805641
clbJ,new,69,0.812964
clbJ,new,70,0.813477
clbJ,new,71,0.82199
clbJ,new,72,0.829272
clbJ,new,73,0.797664
clbJ,new,74,0.805954
clbJ,new,75,0.793469
clbJ,new,76,0.814685
clbJ,new,77,0.812949
clbJ,new,78,0.820666
clbJ,new,79,0.796438
clbJ,new,80,0.799364
clbJ,new,81,0.821588
clbJ,new,82,0.827394
clbJ,new,83,0.820755
clbJ,new,84,0.813204
clbJ,new,85,0.833158
clbJ,new,86,0.814093
clbJ,new,87,0.817578
clbJ,new,88,0.827931
clbJ,new,89,0.817099
clbJ,new,90,0.808235
clbJ,new,91,0.809402
clbJ,new,92,0.81949
clbJ,new,93,0.810644
clbJ,new,94,0.804252
clbJ,new,95,0.796288
clbJ,new,96,0.800948
clbJ,new,97,0.810985
clbJ,new,98,0.826435
clbJ,new,99,0.814382
clbJ,new,100,0.813896
clbJ,old,1,1.3299
clbJ,old,2,1.3277
clbJ,old,3,1.31607
clbJ,old,4,1.30875
clbJ,old,5,1.3106
clbJ,old,6,1.32066
clbJ,old,7,1.35362
clbJ,old,8,1.31779
clbJ,old,9,1.34116
clbJ,old,10,1.29693
clbJ,old,11,1.31159
clbJ,old,12,1.31112
clbJ,old,13,1.30556
clbJ,old,14,1.30814
clbJ,old,15,1.3146
clbJ,old,16,1.31976
clbJ,old,17,1.32282
clbJ,old,18,1.31416
clbJ,old,19,1.30884
clbJ,old,20,1.30648
clbJ,old,21,1.31937
clbJ,old,22,1.33451
clbJ,old,23,1.32152
clbJ,old,24,1.31518
clbJ,old,25,1.324
clbJ,old,26,1.30306
clbJ,old,27,1.33627
clbJ,old,28,1.31309
clbJ,old,29,1.30335
clbJ,old,30,1.3266
clbJ,old,31,1.33303
clbJ,old,32,1.2963
clbJ,old,33,1.29615
clbJ,old,34,1.29633
clbJ,old,35,1.30572
clbJ,old,36,1.31676
clbJ,old,37,1.30885
clbJ,old,38,1.30406
clbJ,old,39,1.31189
clbJ,old,40,1.31081
clbJ,old,41,1.30329
clbJ,old,42,1.30108
clbJ,old,43,1.3214
clbJ,old,44,1.31127
clbJ,old,45,1.30535
clbJ,old,46,1.3202
clbJ,old,47,1.3227
clbJ,old,48,1.33491
clbJ,old,49,1.31465
clbJ,old,50,1.32437
clbJ,old,51,1.31924
clbJ,old,52,1.32537
clbJ,old,53,1.31719
clbJ,old,54,1.33032
clbJ,old,55,1.32134
clbJ,old,56,1.31413
clbJ,old,57,1.34298
clbJ,old,58,1.32265
clbJ,old,59,1.30893
clbJ,old,60,1.32416
clbJ,old,61,1.30569
clbJ,old,62,1.30121
clbJ,old,63,1.31646
clbJ,old,64,1.3289
clbJ,old,65,1.33199
clbJ,old,66,1.31051
clbJ,old,67,1.33339
clbJ,old,68,1.31564
clbJ,old,69,1.33986
clbJ,old,70,1.31213
clbJ,old,71,1.30775
clbJ,old,72,1.30796
clbJ,old,73,1.32488
clbJ,old,74,1.32668
clbJ,old,75,1.3233
clbJ,old,76,1.31313
clbJ,old,77,1.31264
clbJ,old,78,1.31881
clbJ,old,79,1.34212
clbJ,old,80,1.33483
clbJ,old,81,1.3143
clbJ,old,82,1.31136
clbJ,old,83,1.31253
clbJ,old,84,1.31639
clbJ,old,85,1.30916
clbJ,old,86,1.314
clbJ,old,87,1.29562
clbJ,old,88,1.31869
clbJ,old,89,1.30001
clbJ,old,90,1.30901
clbJ,old,91,1.30938
clbJ,old,92,1.30842
clbJ,old,93,1.31997
clbJ,old,94,1.30097
clbJ,old,95,1.31813
clbJ,old,96,1.3162
clbJ,old,97,1.32909
clbJ,old,98,1.32176
clbJ,old,99,1.30744
clbJ,old,100,1.30487
clbB,new,1,0.858567
clbB,new,2,0.817411
clbB,new,3,0.797853
clbB,new,4,0.799584
clbB,new,5,0.808397
clbB,new,6,0.825632
clbB,new,7,0.826067
clbB,new,8,0.80633
clbB,new,9,0.820781
clbB,new,10,0.821108
clbB,new,11,0.824974
clbB,new,12,0.820882
clbB,new,13,0.812477
clbB,new,14,0.80356
clbB,new,15,0.827951
clbB,new,16,0.823264
clbB,new,17,0.803456
clbB,new,18,0.811889
clbB,new,19,0.795637
clbB,new,20,0.803134
clbB,new,21,0.802213
clbB,new,22,0.799854
clbB,new,23,0.847754
clbB,new,24,0.812441
clbB,new,25,0.801473
clbB,new,26,0.814762
clbB,new,27,0.801978
clbB,new,28,0.80244
clbB,new,29,0.831895
clbB,new,30,0.81848
clbB,new,31,0.806453
clbB,new,32,0.809785
clbB,new,33,0.802572
clbB,new,34,0.822856
clbB,new,35,0.82304
clbB,new,36,0.817099
clbB,new,37,0.834913
clbB,new,38,0.830592
clbB,new,39,0.801652
clbB,new,40,0.808832
clbB,new,41,0.813833
clbB,new,42,0.812865
clbB,new,43,0.814769
clbB,new,44,0.818812
clbB,new,45,0.82454
clbB,new,46,0.815801
clbB,new,47,0.815076
clbB,new,48,0.815647
clbB,new,49,0.828619
clbB,new,50,0.800916
clbB,new,51,0.815834
clbB,new,52,0.828755
clbB,new,53,0.812652
clbB,new,54,0.82257
clbB,new,55,0.800729
clbB,new,56,0.807124
clbB,new,57,0.80259
clbB,new,58,0.825359
clbB,new,59,0.819673
clbB,new,60,0.795887
clbB,new,61,0.831789
clbB,new,62,0.802108
clbB,new,63,0.820632
clbB,new,64,0.821141
clbB,new,65,0.829767
clbB,new,66,0.801785
clbB,new,67,0.825006
clbB,new,68,0.796506
clbB,new,69,0.812244
clbB,new,70,0.796311
clbB,new,71,0.815241
clbB,new,72,0.801219
clbB,new,73,0.808739
clbB,new,74,0.807939
clbB,new,75,0.805406
clbB,new,76,0.843252
clbB,new,77,0.82006
clbB,new,78,0.820204
clbB,new,79,0.8321
clbB,new,80,0.812303
clbB,new,81,0.807775
clbB,new,82,0.842794
clbB,new,83,0.831129
clbB,new,84,0.8389
clbB,new,85,0.807403
clbB,new,86,0.796698
clbB,new,87,0.795797
clbB,new,88,0.824466
clbB,new,89,0.812805
clbB,new,90,0.802553
clbB,new,91,0.813884
clbB,new,92,0.803826
clbB,new,93,0.809484
clbB,new,94,0.824537
clbB,new,95,0.815608
clbB,new,96,0.791804
clbB,new,97,0.797877
clbB,new,98,0.79789
clbB,new,99,1.03796
clbB,new,100,0.804478
clbB,old,1,0.79615
clbB,old,2,0.811396
clbB,old,3,0.82421
clbB,old,4,0.807647
clbB,old,5,0.799935
clbB,old,6,0.796628
clbB,old,7,0.798805
clbB,old,8,0.820418
clbB,old,9,0.821291
clbB,old,10,0.838073
clbB,old,11,0.830346
clbB,old,12,0.798303
clbB,old,13,0.799285
clbB,old,14,0.799569
clbB,old,15,0.813056
clbB,old,16,0.818153
clbB,old,17,0.807087
clbB,old,18,0.799428
clbB,old,19,0.800491
clbB,old,20,0.816933
clbB,old,21,0.83138
clbB,old,22,0.805739
clbB,old,23,0.831999
clbB,old,24,0.826072
clbB,old,25,0.813675
clbB,old,26,0.822189
clbB,old,27,0.809234
clbB,old,28,0.839255
clbB,old,29,0.805495
clbB,old,30,0.818573
clbB,old,31,0.806261
clbB,old,32,0.823276
clbB,old,33,0.83245
clbB,old,34,0.826666
clbB,old,35,0.82196
clbB,old,36,0.821876
clbB,old,37,0.808718
clbB,old,38,0.803687
clbB,old,39,0.802843
clbB,old,40,0.819508
clbB,old,41,0.810411
clbB,old,42,0.828645
clbB,old,43,0.806374
clbB,old,44,0.822704
clbB,old,45,0.808299
clbB,old,46,0.838582
clbB,old,47,0.814691
clbB,old,48,0.82828
clbB,old,49,0.828187
clbB,old,50,0.829851
clbB,old,51,0.8226
clbB,old,52,0.806895
clbB,old,53,0.803579
clbB,old,54,0.80392
clbB,old,55,0.805995
clbB,old,56,0.826347
clbB,old,57,0.824993
clbB,old,58,0.815816
clbB,old,59,0.840532
clbB,old,60,0.829644
clbB,old,61,0.798066
clbB,old,62,0.797864
clbB,old,63,0.812844
clbB,old,64,0.787282
clbB,old,65,0.789129
clbB,old,66,0.795996
clbB,old,67,0.801777
clbB,old,68,0.822145
clbB,old,69,0.835804
clbB,old,70,0.812968
clbB,old,71,0.842784
clbB,old,72,0.800237
clbB,old,73,0.806155
clbB,old,74,0.811182
clbB,old,75,0.835857
clbB,old,76,0.815026
clbB,old,77,0.821135
clbB,old,78,0.824945
clbB,old,79,0.827929
clbB,old,80,0.825132
clbB,old,81,0.825998
clbB,old,82,0.800977
clbB,old,83,0.825593
clbB,old,84,0.825964
clbB,old,85,0.832586
clbB,old,86,0.804496
clbB,old,87,0.803272
clbB,old,88,0.834543
clbB,old,89,0.805687
clbB,old,90,0.847794
clbB,old,91,0.810583
clbB,old,92,0.79665
clbB,old,93,0.803264
clbB,old,94,0.802955
clbB,old,95,0.808652
clbB,old,96,0.803222
clbB,old,97,0.823539
clbB,old,98,0.797409
clbB,old,99,0.801342
clbB,old,100,0.811486
clbH,new,1,0.816639
clbH,new,2,0.819747
clbH,new,3,0.819289
clbH,new,4,0.806732
clbH,new,5,0.815109
clbH,new,6,0.822415
clbH,new,7,0.804734
clbH,new,8,0.812374
clbH,new,9,0.806278
clbH,new,10,0.793231
clbH,new,11,0.797483
clbH,new,12,0.796097
clbH,new,13,0.791683
clbH,new,14,0.817923
clbH,new,15,0.825806
clbH,new,16,0.825453
clbH,new,17,0.791905
clbH,new,18,0.794499
clbH,new,19,0.79699
clbH,new,20,0.805453
clbH,new,21,0.806988
clbH,new,22,0.813793
clbH,new,23,0.822128
clbH,new,24,0.835192
clbH,new,25,0.810619
clbH,new,26,0.818292
clbH,new,27,0.832567
clbH,new,28,0.824766
clbH,new,29,0.824591
clbH,new,30,0.815869
clbH,new,31,0.801107
clbH,new,32,0.801309
clbH,new,33,0.810921
clbH,new,34,0.827944
clbH,new,35,0.839639
clbH,new,36,0.811698
clbH,new,37,0.823086
clbH,new,38,0.832752
clbH,new,39,0.808335
clbH,new,40,0.809861
clbH,new,41,0.811581
clbH,new,42,0.804828
clbH,new,43,0.806075
clbH,new,44,0.813883
clbH,new,45,0.818823
clbH,new,46,0.800713
clbH,new,47,0.798382
clbH,new,48,0.800289
clbH,new,49,0.816333
clbH,new,50,0.818092
clbH,new,51,0.815577
clbH,new,52,0.810166
clbH,new,53,0.818394
clbH,new,54,0.8244
clbH,new,55,0.819948
clbH,new,56,0.801088
clbH,new,57,0.799098
clbH,new,58,0.801945
clbH,new,59,0.806016
clbH,new,60,0.802414
clbH,new,61,0.804785
clbH,new,62,0.822112
clbH,new,63,0.817893
clbH,new,64,0.805383
clbH,new,65,0.806497
clbH,new,66,0.798654
clbH,new,67,0.800585
clbH,new,68,0.799726
clbH,new,69,0.82123
clbH,new,70,0.817733
clbH,new,71,0.817857
clbH,new,72,0.809883
clbH,new,73,0.816536
clbH,new,74,0.799269
clbH,new,75,0.810762
clbH,new,76,0.793472
clbH,new,77,0.812449
clbH,new,78,0.80089
clbH,new,79,0.783916
clbH,new,80,0.854685
clbH,new,81,0.841182
clbH,new,82,0.802347
clbH,new,83,0.834108
clbH,new,84,0.830148
clbH,new,85,0.828276
clbH,new,86,0.819796
clbH,new,87,0.798132
clbH,new,88,0.829656
clbH,new,89,0.829551
clbH,new,90,0.813742
clbH,new,91,0.798955
clbH,new,92,0.812633
clbH,new,93,0.802158
clbH,new,94,0.80996
clbH,new,95,0.815188
clbH,new,96,0.834548
clbH,new,97,0.811491
clbH,new,98,0.817927
clbH,new,99,0.836609
clbH,new,100,0.847463
clbH,old,1,1.30644
clbH,old,2,1.30339
clbH,old,3,1.31328
clbH,old,4,1.30335
clbH,old,5,1.31696
clbH,old,6,1.30526
clbH,old,7,1.322
clbH,old,8,1.30121
clbH,old,9,1.32542
clbH,old,10,1.31241
clbH,old,11,1.31347
clbH,old,12,1.29835
clbH,old,13,1.30756
clbH,old,14,1.29866
clbH,old,15,1.32777
clbH,old,16,1.31726
clbH,old,17,1.31848
clbH,old,18,1.34056
clbH,old,19,1.29293
clbH,old,20,1.32173
clbH,old,21,1.29898
clbH,old,22,1.29618
clbH,old,23,1.31334
clbH,old,24,1.31537
clbH,old,25,0.803986
clbH,old,26,1.3263
clbH,old,27,1.32709
clbH,old,28,1.3158
clbH,old,29,1.30342
clbH,old,30,1.29408
clbH,old,31,1.31424
clbH,old,32,1.30345
clbH,old,33,1.30074
clbH,old,34,1.2974
clbH,old,35,0.796125
clbH,old,36,1.31317
clbH,old,37,1.31183
clbH,old,38,1.31256
clbH,old,39,1.30674
clbH,old,40,1.30208
clbH,old,41,1.32684
clbH,old,42,1.31787
clbH,old,43,1.30935
clbH,old,44,1.30014
clbH,old,45,1.31556
clbH,old,46,1.30151
clbH,old,47,1.29665
clbH,old,48,1.29982
clbH,old,49,1.32526
clbH,old,50,1.32179
clbH,old,51,1.32003
clbH,old,52,1.31857
clbH,old,53,1.32511
clbH,old,54,1.33071
clbH,old,55,1.30716
clbH,old,56,1.33731
clbH,old,57,1.3194
clbH,old,58,1.32305
clbH,old,59,1.29558
clbH,old,60,1.31134
clbH,old,61,1.31126
clbH,old,62,1.2822
clbH,old,63,1.31781
clbH,old,64,1.31513
clbH,old,65,1.32123
clbH,old,66,1.28963
clbH,old,67,1.30358
clbH,old,68,1.31319
clbH,old,69,1.29705
clbH,old,70,1.34476
clbH,old,71,1.32449
clbH,old,72,1.29833
clbH,old,73,1.31083
clbH,old,74,1.31174
clbH,old,75,1.34454
clbH,old,76,1.32278
clbH,old,77,1.30142
clbH,old,78,1.31207
clbH,old,79,1.3153
clbH,old,80,1.32175
clbH,old,81,1.30443
clbH,old,82,1.31295
clbH,old,83,1.31508
clbH,old,84,1.31385
clbH,old,85,1.31696
clbH,old,86,1.32467
clbH,old,87,1.32837
clbH,old,88,1.36538
clbH,old,89,1.3325
clbH,old,90,1.3385
clbH,old,91,1.3686
clbH,old,92,0.839922
clbH,old,93,1.3836
clbH,old,94,1.35677
clbH,old,95,1.35854
clbH,old,96,1.32714
clbH,old,97,1.35113
clbH,old,98,1.32112
clbH,old,99,1.32054
clbH,old,100,1.33555
clbN,new,1,0.806589
clbN,new,2,0.803673
clbN,new,3,0.83021
clbN,new,4,0.830639
clbN,new,5,0.808922
clbN,new,6,0.809014
clbN,new,7,0.798234
clbN,new,8,0.820894
clbN,new,9,0.825764
clbN,new,10,0.822208
clbN,new,11,0.818835
clbN,new,12,0.825518
clbN,new,13,0.795974
clbN,new,14,0.807819
clbN,new,15,0.824875
clbN,new,16,0.802191
clbN,new,17,0.794193
clbN,new,18,0.797748
clbN,new,19,0.818326
clbN,new,20,0.81376
clbN,new,21,0.798754
clbN,new,22,0.811523
clbN,new,23,0.801118
clbN,new,24,0.832384
clbN,new,25,0.799903
clbN,new,26,0.853653
clbN,new,27,0.792953
clbN,new,28,0.828027
clbN,new,29,0.834015
clbN,new,30,0.833081
clbN,new,31,0.818991
clbN,new,32,0.803925
clbN,new,33,0.817586
clbN,new,34,0.81914
clbN,new,35,0.837113
clbN,new,36,0.841359
clbN,new,37,0.819683
clbN,new,38,0.858307
clbN,new,39,0.827195
clbN,new,40,0.820416
clbN,new,41,0.807921
clbN,new,42,0.798592
clbN,new,43,0.800479
clbN,new,44,0.836141
clbN,new,45,0.813365
clbN,new,46,0.806979
clbN,new,47,0.819435
clbN,new,48,0.818262
clbN,new,49,0.826211
clbN,new,50,0.802585
clbN,new,51,0.847599
clbN,new,52,0.822534
clbN,new,53,0.791174
clbN,new,54,0.829198
clbN,new,55,0.802121
clbN,new,56,0.822123
clbN,new,57,0.794164
clbN,new,58,0.812592
clbN,new,59,0.821372
clbN,new,60,0.821916
clbN,new,61,0.802413
clbN,new,62,0.818549
clbN,new,63,0.810065
clbN,new,64,0.803477
clbN,new,65,0.81827
clbN,new,66,0.829314
clbN,new,67,0.820722
clbN,new,68,0.819226
clbN,new,69,0.812488
clbN,new,70,0.836481
clbN,new,71,0.837155
clbN,new,72,0.823389
clbN,new,73,0.803106
clbN,new,74,0.797912
clbN,new,75,0.793656
clbN,new,76,0.797954
clbN,new,77,0.806309
clbN,new,78,0.804765
clbN,new,79,0.805482
clbN,new,80,0.805144
clbN,new,81,0.793787
clbN,new,82,0.801186
clbN,new,83,0.817095
clbN,new,84,0.809419
clbN,new,85,0.823681
clbN,new,86,0.800598
clbN,new,87,0.802856
clbN,new,88,0.807227
clbN,new,89,0.818006
clbN,new,90,0.83384
clbN,new,91,0.813397
clbN,new,92,0.818845
clbN,new,93,0.827165
clbN,new,94,0.804772
clbN,new,95,0.851031
clbN,new,96,0.819964
clbN,new,97,0.800195
clbN,new,98,0.81978
clbN,new,99,0.806996
clbN,new,100,0.816896
clbN,old,1,1.34198
clbN,old,2,1.31976
clbN,old,3,1.30929
clbN,old,4,1.31878
clbN,old,5,1.31502
clbN,old,6,1.32173
clbN,old,7,0.807447
clbN,old,8,1.31286
clbN,old,9,1.31904
clbN,old,10,1.31754
clbN,old,11,1.30631
clbN,old,12,1.29495
clbN,old,13,1.30119
clbN,old,14,1.33162
clbN,old,15,1.30034
clbN,old,16,1.27494
clbN,old,17,1.30978
clbN,old,18,1.32539
clbN,old,19,1.31528
clbN,old,20,1.30239
clbN,old,21,1.31459
clbN,old,22,1.30754
clbN,old,23,1.32746
clbN,old,24,1.34141
clbN,old,25,1.35613
clbN,old,26,1.33723
clbN,old,27,1.33199
clbN,old,28,1.33243
clbN,old,29,1.3271
clbN,old,30,1.32562
clbN,old,31,1.31897
clbN,old,32,1.33846
clbN,old,33,1.32514
clbN,old,34,1.32126
clbN,old,35,1.33974
clbN,old,36,1.31059
clbN,old,37,1.32362
clbN,old,38,1.3185
clbN,old,39,1.32473
clbN,old,40,1.31109
clbN,old,41,1.32148
clbN,old,42,1.34461
clbN,old,43,1.34351
clbN,old,44,1.32203
clbN,old,45,1.31554
clbN,old,46,1.32298
clbN,old,47,1.32182
clbN,old,48,1.32791
clbN,old,49,1.32261
clbN,old,50,1.32544
clbN,old,51,1.31252
clbN,old,52,1.33387
clbN,old,53,1.33378
clbN,old,54,1.34276
clbN,old,55,1.30552
clbN,old,56,1.3245
clbN,old,57,1.31062
clbN,old,58,1.3219
clbN,old,59,1.33279
clbN,old,60,1.33145
clbN,old,61,1.32445
clbN,old,62,1.34713
clbN,old,63,1.33576
clbN,old,64,1.31548
clbN,old,65,1.31811
clbN,old,66,1.33945
clbN,old,67,1.32766
clbN,old,68,1.3049
clbN,old,69,1.30801
clbN,old,70,1.35154
clbN,old,71,1.35352
clbN,old,72,1.33496
clbN,old,73,1.33608
clbN,old,74,1.35255
clbN,old,75,1.31514
clbN,old,76,1.31196
clbN,old,77,1.30214
clbN,old,78,1.30749
clbN,old,79,1.29905
clbN,old,80,1.31542
clbN,old,81,1.32733
clbN,old,82,1.31787
clbN,old,83,1.31205
clbN,old,84,1.31942
clbN,old,85,1.31309
clbN,old,86,1.33372
clbN,old,87,1.3409
clbN,old,88,1.30141
clbN,old,89,1.30749
clbN,old,90,1.31862
clbN,old,91,1.30259
clbN,old,92,0.801513
clbN,old,93,1.2926
clbN,old,94,1.32202
clbN,old,95,1.33595
clbN,old,96,1.30942
clbN,old,97,1.33664
clbN,old,98,1.31604
clbN,old,99,1.32309
clbN,old,100,1.31164
clbD,new,1,0.826451
clbD,new,2,0.811383
clbD,new,3,0.805112
clbD,new,4,0.802478
clbD,new,5,0.805752
clbD,new,6,0.809574
clbD,new,7,0.828282
clbD,new,8,0.808981
clbD,new,9,0.817779
clbD,new,10,0.820886
clbD,new,11,0.810851
clbD,new,12,0.814728
clbD,new,13,0.806106
clbD,new,14,0.808618
clbD,new,15,0.831081
clbD,new,16,0.83818
clbD,new,17,0.797591
clbD,new,18,0.811606
clbD,new,19,0.817856
clbD,new,20,0.821409
clbD,new,21,0.824838
clbD,new,22,0.82655
clbD,new,23,0.812674
clbD,new,24,0.822298
clbD,new,25,0.82801
clbD,new,26,0.826313
clbD,new,27,0.824157
clbD,new,28,0.84626
clbD,new,29,0.819725
clbD,new,30,0.805977
clbD,new,31,0.822715
clbD,new,32,0.833369
clbD,new,33,0.835887
clbD,new,34,0.805845
clbD,new,35,0.817041
clbD,new,36,0.832461
clbD,new,37,0.822365
clbD,new,38,0.831844
clbD,new,39,0.827329
clbD,new,40,0.826022
clbD,new,41,0.814401
clbD,new,42,0.837175
clbD,new,43,0.822239
clbD,new,44,0.808813
clbD,new,45,0.821992
clbD,new,46,0.836413
clbD,new,47,0.82473
clbD,new,48,0.798186
clbD,new,49,0.8051
clbD,new,50,0.819438
clbD,new,51,0.817761
clbD,new,52,0.8104
clbD,new,53,0.81306
clbD,new,54,0.811646
clbD,new,55,0.801358
clbD,new,56,0.830873
clbD,new,57,0.816967
clbD,new,58,0.817232
clbD,new,59,0.813118
clbD,new,60,0.815527
clbD,new,61,0.824501
clbD,new,62,0.8284
clbD,new,63,0.802352
clbD,new,64,0.801428
clbD,new,65,0.805413
clbD,new,66,0.802049
clbD,new,67,0.805743
clbD,new,68,0.809834
clbD,new,69,0.818976
clbD,new,70,0.819396
clbD,new,71,0.818096
clbD,new,72,0.799197
clbD,new,73,0.807388
clbD,new,74,0.826224
clbD,new,75,0.79894
clbD,new,76,0.826314
clbD,new,77,0.817636
clbD,new,78,0.799212
clbD,new,79,0.793974
clbD,new,80,0.793513
clbD,new,81,0.791972
clbD,new,82,0.793817
clbD,new,83,0.781089
clbD,new,84,0.798021
clbD,new,85,0.794443
clbD,new,86,0.823218
clbD,new,87,0.790656
clbD,new,88,0.794415
clbD,new,89,0.797048
clbD,new,90,0.82496
clbD,new,91,0.821175
clbD,new,92,0.838861
clbD,new,93,0.798503
clbD,new,94,0.830539
clbD,new,95,0.820209
clbD,new,96,0.825842
clbD,new,97,0.834766
clbD,new,98,0.809492
clbD,new,99,0.796058
clbD,new,100,0.811053
clbD,old,1,1.29701
clbD,old,2,1.32441
clbD,old,3,1.30147
clbD,old,4,1.31998
clbD,old,5,1.29706
clbD,old,6,1.30888
clbD,old,7,1.32233
clbD,old,8,1.31996
clbD,old,9,1.30682
clbD,old,10,1.32427
clbD,old,11,1.31517
clbD,old,12,1.32336
clbD,old,13,1.31506
clbD,old,14,1.3046
clbD,old,15,1.30142
clbD,old,16,1.32683
clbD,old,17,1.33517
clbD,old,18,1.31254
clbD,old,19,1.32459
clbD,old,20,1.3107
clbD,old,21,1.2935
clbD,old,22,1.32458
clbD,old,23,1.31494
clbD,old,24,1.33898
clbD,old,25,1.3296
clbD,old,26,1.32301
clbD,old,27,1.31397
clbD,old,28,1.30607
clbD,old,29,1.30208
clbD,old,30,1.32565
clbD,old,31,1.31399
clbD,old,32,1.31908
clbD,old,33,1.3189
clbD,old,34,1.30795
clbD,old,35,1.31728
clbD,old,36,1.32628
clbD,old,37,1.32572
clbD,old,38,1.31595
clbD,old,39,1.30266
clbD,old,40,1.29975
clbD,old,41,1.32298
clbD,old,42,1.29711
clbD,old,43,1.30478
clbD,old,44,1.34023
clbD,old,45,1.32209
clbD,old,46,1.30077
clbD,old,47,1.31333
clbD,old,48,1.3137
clbD,old,49,1.30264
clbD,old,50,1.31165
clbD,old,51,1.30415
clbD,old,52,1.31595
clbD,old,53,1.30221
clbD,old,54,1.32103
clbD,old,55,1.31127
clbD,old,56,1.31961
clbD,old,57,1.33253
clbD,old,58,1.28947
clbD,old,59,1.32306
clbD,old,60,1.30632
clbD,old,61,1.31656
clbD,old,62,1.33289
clbD,old,63,1.30332
clbD,old,64,1.29989
clbD,old,65,1.30196
clbD,old,66,1.31389
clbD,old,67,1.29845
clbD,old,68,1.30596
clbD,old,69,1.30068
clbD,old,70,1.32305
clbD,old,71,1.31773
clbD,old,72,1.32302
clbD,old,73,1.30867
clbD,old,74,1.33991
clbD,old,75,1.35986
clbD,old,76,1.29727
clbD,old,77,1.33056
clbD,old,78,1.33345
clbD,old,79,1.3115
clbD,old,80,1.32673
clbD,old,81,1.31967
clbD,old,82,1.30854
clbD,old,83,1.32361
clbD,old,84,1.30732
clbD,old,85,1.32192
clbD,old,86,1.33144
clbD,old,87,1.32406
clbD,old,88,1.354
clbD,old,89,1.31202
clbD,old,90,1.32372
clbD,old,91,1.33952
clbD,old,92,1.30452
clbD,old,93,1.30646
clbD,old,94,1.29831
clbD,old,95,1.30645
clbD,old,96,1.31993
clbD,old,97,1.31646
clbD,old,98,1.32335
clbD,old,99,1.31662
clbD,old,100,1.31553
clbS,new,1,0.813186
clbS,new,2,0.823402
clbS,new,3,0.805035
clbS,new,4,0.805978
clbS,new,5,0.827513
clbS,new,6,0.819025
clbS,new,7,0.820137
clbS,new,8,0.809941
clbS,new,9,0.815512
clbS,new,10,0.835702
clbS,new,11,0.831186
clbS,new,12,0.821176
clbS,new,13,0.806188
clbS,new,14,0.824851
clbS,new,15,0.826498
clbS,new,16,0.826457
clbS,new,17,0.804522
clbS,new,18,0.805157
clbS,new,19,0.828687
clbS,new,20,0.809383
clbS,new,21,0.795115
clbS,new,22,0.829482
clbS,new,23,0.808023
clbS,new,24,0.821563
clbS,new,25,0.813096
clbS,new,26,0.820993
clbS,new,27,0.805467
clbS,new,28,0.800266
clbS,new,29,0.813251
clbS,new,30,0.82636
clbS,new,31,0.817684
clbS,new,32,0.831232
clbS,new,33,0.797138
clbS,new,34,0.799409
clbS,new,35,0.8308
clbS,new,36,0.8251
clbS,new,37,0.816917
clbS,new,38,0.807297
clbS,new,39,0.807001
clbS,new,40,0.81335
clbS,new,41,0.799616
clbS,new,42,0.802838
clbS,new,43,0.821998
clbS,new,44,0.803482
clbS,new,45,0.801852
clbS,new,46,0.817527
clbS,new,47,0.824752
clbS,new,48,0.805406
clbS,new,49,0.823385
clbS,new,50,0.834376
clbS,new,51,0.815821
clbS,new,52,0.830189
clbS,new,53,0.792425
clbS,new,54,0.827971
clbS,new,55,0.818788
clbS,new,56,0.844982
clbS,new,57,0.8254
clbS,new,58,0.837661
clbS,new,59,0.79803
clbS,new,60,0.825423
clbS,new,61,0.817863
clbS,new,62,0.811979
clbS,new,63,0.824975
clbS,new,64,0.827858
clbS,new,65,0.831969
clbS,new,66,0.818884
clbS,new,67,0.802911
clbS,new,68,0.797424
clbS,new,69,0.794377
clbS,new,70,0.79639
clbS,new,71,0.798389
clbS,new,72,0.802209
clbS,new,73,0.806647
clbS,new,74,0.803362
clbS,new,75,0.800985
clbS,new,76,0.799994
clbS,new,77,0.793576
clbS,new,78,0.794858
clbS,new,79,0.833934
clbS,new,80,0.818816
clbS,new,81,0.810379
clbS,new,82,0.812037
clbS,new,83,0.828221
clbS,new,84,0.85598
clbS,new,85,0.820331
clbS,new,86,0.830164
clbS,new,87,0.837613
clbS,new,88,0.832706
clbS,new,89,0.822188
clbS,new,90,0.822018
clbS,new,91,0.822536
clbS,new,92,0.803006
clbS,new,93,0.817324
clbS,new,94,0.845123
clbS,new,95,0.810589
clbS,new,96,0.824476
clbS,new,97,0.814187
clbS,new,98,0.8185
clbS,new,99,0.831723
clbS,new,100,0.810554
clbS,old,1,0.832549
clbS,old,2,0.812855
clbS,old,3,0.817035
clbS,old,4,0.825496
clbS,old,5,0.821305
clbS,old,6,0.811381
clbS,old,7,0.825002
clbS,old,8,0.814874
clbS,old,9,0.821407
clbS,old,10,0.831778
clbS,old,11,0.799655
clbS,old,12,0.803327
clbS,old,13,0.794727
clbS,old,14,0.799137
clbS,old,15,0.810091
clbS,old,16,0.831557
clbS,old,17,0.797568
clbS,old,18,0.791003
clbS,old,19,0.795047
clbS,old,20,0.812546
clbS,old,21,0.805879
clbS,old,22,0.831534
clbS,old,23,0.80193
clbS,old,24,0.805127
clbS,old,25,0.814484
clbS,old,26,0.810308
clbS,old,27,0.815703
clbS,old,28,0.823456
clbS,old,29,0.817753
clbS,old,30,0.833145
clbS,old,31,0.843379
clbS,old,32,0.818867
clbS,old,33,0.810838
clbS,old,34,0.817252
clbS,old,35,0.829361
clbS,old,36,0.838491
clbS,old,37,0.80498
clbS,old,38,0.828858
clbS,old,39,0.818157
clbS,old,40,0.819371
clbS,old,41,0.824527
clbS,old,42,0.853755
clbS,old,43,0.807102
clbS,old,44,0.831254
clbS,old,45,0.803729
clbS,old,46,0.824079
clbS,old,47,0.811084
clbS,old,48,0.795304
clbS,old,49,0.836862
clbS,old,50,0.823545
clbS,old,51,0.823188
clbS,old,52,0.819984
clbS,old,53,0.807034
clbS,old,54,0.806016
clbS,old,55,0.824876
clbS,old,56,0.828452
clbS,old,57,0.806205
clbS,old,58,0.807075
clbS,old,59,0.798581
clbS,old,60,0.818126
clbS,old,61,0.820918
clbS,old,62,0.813984
clbS,old,63,0.809624
clbS,old,64,0.813178
clbS,old,65,0.822451
clbS,old,66,0.848038
clbS,old,67,0.845742
clbS,old,68,0.811911
clbS,old,69,0.807326
clbS,old,70,0.818886
clbS,old,71,0.829598
clbS,old,72,0.819103
clbS,old,73,0.798274
clbS,old,74,0.796578
clbS,old,75,0.812463
clbS,old,76,0.80981
clbS,old,77,0.819489
clbS,old,78,0.832049
clbS,old,79,0.810682
clbS,old,80,0.823736
clbS,old,81,0.808218
clbS,old,82,0.799087
clbS,old,83,0.797996
clbS,old,84,0.802033
clbS,old,85,0.801551
clbS,old,86,0.800614
clbS,old,87,0.795012
clbS,old,88,0.791735
clbS,old,89,0.829193
clbS,old,90,0.801489
clbS,old,91,0.813487
clbS,old,92,0.810449
clbS,old,93,0.8254
clbS,old,94,0.801068
clbS,old,95,0.801912
clbS,old,96,0.840792
clbS,old,97,0.79894
clbS,old,98,0.833812
clbS,old,99,0.820163
clbS,old,100,0.809906
clbP,new,1,0.8219
clbP,new,2,0.79664
clbP,new,3,0.799809
clbP,new,4,0.807923
clbP,new,5,0.851502
clbP,new,6,0.801566
clbP,new,7,0.807598
clbP,new,8,0.80708
clbP,new,9,0.816143
clbP,new,10,0.816294
clbP,new,11,0.815448
clbP,new,12,0.794467
clbP,new,13,0.799786
clbP,new,14,0.81881
clbP,new,15,0.796729
clbP,new,16,0.795707
clbP,new,17,0.795771
clbP,new,18,0.827286
clbP,new,19,0.796638
clbP,new,20,0.796293
clbP,new,21,0.802747
clbP,new,22,0.798209
clbP,new,23,0.795416
clbP,new,24,0.801111
clbP,new,25,0.805108
clbP,new,26,0.802963
clbP,new,27,0.802867
clbP,new,28,0.798938
clbP,new,29,0.845217
clbP,new,30,0.835988
clbP,new,31,0.851953
clbP,new,32,0.840187
clbP,new,33,0.80454
clbP,new,34,0.799468
clbP,new,35,0.825177
clbP,new,36,0.819607
clbP,new,37,0.81684
clbP,new,38,0.804526
clbP,new,39,0.88654
clbP,new,40,0.820109
clbP,new,41,0.838372
clbP,new,42,1.07626
clbP,new,43,0.835449
clbP,new,44,0.802102
clbP,new,45,0.802004
clbP,new,46,0.820277
clbP,new,47,0.802491
clbP,new,48,0.811817
clbP,new,49,0.833362
clbP,new,50,0.8293
clbP,new,51,0.801873
clbP,new,52,0.806895
clbP,new,53,0.803794
clbP,new,54,0.808208
clbP,new,55,0.798306
clbP,new,56,0.81107
clbP,new,57,0.825939
clbP,new,58,0.819909
clbP,new,59,0.820438
clbP,new,60,0.832722
clbP,new,61,0.82028
clbP,new,62,0.830902
clbP,new,63,0.826408
clbP,new,64,0.809077
clbP,new,65,0.791348
clbP,new,66,0.780963
clbP,new,67,0.80216
clbP,new,68,0.800312
clbP,new,69,0.819713
clbP,new,70,0.801023
clbP,new,71,0.825723
clbP,new,72,0.831972
clbP,new,73,0.818365
clbP,new,74,0.797673
clbP,new,75,0.803571
clbP,new,76,0.831523
clbP,new,77,0.807943
clbP,new,78,0.826339
clbP,new,79,0.827804
clbP,new,80,0.811221
clbP,new,81,0.832965
clbP,new,82,0.810398
clbP,new,83,0.804764
clbP,new,84,0.813574
clbP,new,85,0.810805
clbP,new,86,0.806765
clbP,new,87,0.801087
clbP,new,88,0.797156
clbP,new,89,0.796266
clbP,new,90,0.798939
clbP,new,91,0.800862
clbP,new,92,0.827471
clbP,new,93,0.79811
clbP,new,94,0.802735
clbP,new,95,0.799086
clbP,new,96,0.791317
clbP,new,97,0.798066
clbP,new,98,0.798368
clbP,new,99,0.803245
clbP,new,100,0.796852
clbP,old,1,2.30284
clbP,old,2,2.29943
clbP,old,3,2.83516
clbP,old,4,2.33157
clbP,old,5,2.31257
clbP,old,6,2.31527
clbP,old,7,2.33002
clbP,old,8,2.30008
clbP,old,9,2.29893
clbP,old,10,2.3065
clbP,old,11,2.31538
clbP,old,12,2.29839
clbP,old,13,2.3266
clbP,old,14,2.83049
clbP,old,15,2.31526
clbP,old,16,2.31908
clbP,old,17,2.29454
clbP,old,18,2.30404
clbP,old,19,2.29579
clbP,old,20,2.31962
clbP,old,21,2.30481
clbP,old,22,2.83031
clbP,old,23,2.31008
clbP,old,24,2.32933
clbP,old,25,2.33486
clbP,old,26,2.33406
clbP,old,27,2.32934
clbP,old,28,2.82751
clbP,old,29,2.31041
clbP,old,30,2.30501
clbP,old,31,2.31273
clbP,old,32,2.31482
clbP,old,33,2.33042
clbP,old,34,2.30348
clbP,old,35,2.80715
clbP,old,36,2.33419
clbP,old,37,2.34738
clbP,old,38,2.31003
clbP,old,39,2.83815
clbP,old,40,2.82629
clbP,old,41,2.32338
clbP,old,42,2.8081
clbP,old,43,2.32127
clbP,old,44,2.32638
clbP,old,45,2.31619
clbP,old,46,2.80011
clbP,old,47,2.32526
clbP,old,48,2.80253
clbP,old,49,2.80172
clbP,old,50,2.81906
clbP,old,51,2.82947
clbP,old,52,2.30286
clbP,old,53,2.34581
clbP,old,54,2.33554
clbP,old,55,2.81352
clbP,old,56,2.33559
clbP,old,57,2.83389
clbP,old,58,2.82489
clbP,old,59,2.83419
clbP,old,60,2.81496
clbP,old,61,2.82124
clbP,old,62,2.32934
clbP,old,63,2.3188
clbP,old,64,2.30091
clbP,old,65,2.32153
clbP,old,66,2.3052
clbP,old,67,2.31625
clbP,old,68,2.32405
clbP,old,69,2.29994
clbP,old,70,2.32616
clbP,old,71,2.30383
clbP,old,72,2.30564
clbP,old,73,2.82783
clbP,old,74,2.33191
clbP,old,75,2.83694
clbP,old,76,2.83175
clbP,old,77,2.35006
clbP,old,78,2.34933
clbP,old,79,2.37419
clbP,old,80,2.32694
clbP,old,81,2.31176
clbP,old,82,2.79781
clbP,old,83,2.33541
clbP,old,84,2.32476
clbP,old,85,2.33177
clbP,old,86,2.32766
clbP,old,87,2.80611
clbP,old,88,2.32223
clbP,old,89,2.29697
clbP,old,90,2.32411
clbP,old,91,2.86026
clbP,old,92,2.30195
clbP,old,93,2.32014
clbP,old,94,2.32927
clbP,old,95,2.81902
clbP,old,96,2.81784
clbP,old,97,2.31516
clbP,old,98,2.32732
clbP,old,99,2.29884
clbP,old,100,2.31801
clbK,new,1,0.814685
clbK,new,2,0.815621
clbK,new,3,0.825804
clbK,new,4,0.810814
clbK,new,5,0.814647
clbK,new,6,0.811817
clbK,new,7,0.82363
clbK,new,8,0.831368
clbK,new,9,0.811267
clbK,new,10,0.802947
clbK,new,11,0.80854
clbK,new,12,0.807811
clbK,new,13,0.804889
clbK,new,14,0.817671
clbK,new,15,0.822872
clbK,new,16,0.826805
clbK,new,17,0.816658
clbK,new,18,0.828386
clbK,new,19,0.829294
clbK,new,20,0.810235
clbK,new,21,0.811786
clbK,new,22,0.82926
clbK,new,23,0.805512
clbK,new,24,0.829337
clbK,new,25,0.816789
clbK,new,26,0.810562
clbK,new,27,0.835839
clbK,new,28,0.802462
clbK,new,29,0.858413
clbK,new,30,0.801193
clbK,new,31,0.829609
clbK,new,32,0.823188
clbK,new,33,0.831829
clbK,new,34,0.812731
clbK,new,35,0.819125
clbK,new,36,0.812195
clbK,new,37,0.812852
clbK,new,38,0.833195
clbK,new,39,0.80209
clbK,new,40,0.838026
clbK,new,41,0.839385
clbK,new,42,0.827894
clbK,new,43,0.805496
clbK,new,44,0.837265
clbK,new,45,0.81813
clbK,new,46,0.813617
clbK,new,47,0.830564
clbK,new,48,0.826777
clbK,new,49,0.805873
clbK,new,50,0.82837
clbK,new,51,0.823625
clbK,new,52,0.814945
clbK,new,53,0.799984
clbK,new,54,0.80636
clbK,new,55,0.825917
clbK,new,56,0.794482
clbK,new,57,0.811309
clbK,new,58,0.822603
clbK,new,59,0.817045
clbK,new,60,0.801489
clbK,new,61,0.81756
clbK,new,62,0.813572
clbK,new,63,0.803484
clbK,new,64,0.80529
clbK,new,65,0.811209
clbK,new,66,0.818611
clbK,new,67,0.806924
clbK,new,68,0.821143
clbK,new,69,0.823223
clbK,new,70,0.829694
clbK,new,71,0.810295
clbK,new,72,0.826069
clbK,new,73,0.795198
clbK,new,74,0.797295
clbK,new,75,0.804487
clbK,new,76,0.824797
clbK,new,77,0.803846
clbK,new,78,0.809875
clbK,new,79,0.784216
clbK,new,80,0.820172
clbK,new,81,0.816467
clbK,new,82,0.813503
clbK,new,83,0.808121
clbK,new,84,0.818272
clbK,new,85,0.821307
clbK,new,86,0.818121
clbK,new,87,0.810435
clbK,new,88,0.839088
clbK,new,89,0.817476
clbK,new,90,0.802142
clbK,new,91,0.802371
clbK,new,92,0.801433
clbK,new,93,0.804878
clbK,new,94,0.809796
clbK,new,95,0.805543
clbK,new,96,0.776984
clbK,new,97,0.795211
clbK,new,98,0.801753
clbK,new,99,0.819406
clbK,new,100,0.792344
clbK,old,1,0.800565
clbK,old,2,0.792701
clbK,old,3,0.811122
clbK,old,4,0.812481
clbK,old,5,0.796225
clbK,old,6,0.79306
clbK,old,7,0.793534
clbK,old,8,0.803021
clbK,old,9,0.825358
clbK,old,10,0.805742
clbK,old,11,0.805701
clbK,old,12,0.797616
clbK,old,13,0.819363
clbK,old,14,0.799521
clbK,old,15,0.815774
clbK,old,16,0.811422
clbK,old,17,0.800478
clbK,old,18,0.829636
clbK,old,19,0.801218
clbK,old,20,0.816932
clbK,old,21,0.823091
clbK,old,22,0.808603
clbK,old,23,0.810579
clbK,old,24,0.819943
clbK,old,25,0.805084
clbK,old,26,0.82363
clbK,old,27,0.836662
clbK,old,28,0.819553
clbK,old,29,0.838891
clbK,old,30,0.819404
clbK,old,31,0.807524
clbK,old,32,0.808508
clbK,old,33,0.819283
clbK,old,34,0.827398
clbK,old,35,0.815556
clbK,old,36,0.835226
clbK,old,37,0.798195
clbK,old,38,0.814883
clbK,old,39,0.856055
clbK,old,40,0.834773
clbK,old,41,0.810263
clbK,old,42,0.852045
clbK,old,43,0.821655
clbK,old,44,0.808843
clbK,old,45,0.828661
clbK,old,46,0.854162
clbK,old,47,0.837885
clbK,old,48,0.825865
clbK,old,49,0.803853
clbK,old,50,0.825838
clbK,old,51,0.851552
clbK,old,52,0.832168
clbK,old,53,0.822001
clbK,old,54,0.813444
clbK,old,55,0.80222
clbK,old,56,0.805565
clbK,old,57,0.798411
clbK,old,58,0.79797
clbK,old,59,0.798413
clbK,old,60,0.807109
clbK,old,61,0.798649
clbK,old,62,0.80923
clbK,old,63,0.817698
clbK,old,64,0.802788
clbK,old,65,0.795167
clbK,old,66,0.804671
clbK,old,67,0.809258
clbK,old,68,0.794451
clbK,old,69,0.829036
clbK,old,70,0.824622
clbK,old,71,0.801069
clbK,old,72,0.801668
clbK,old,73,0.802419
clbK,old,74,0.842304
clbK,old,75,0.824442
clbK,old,76,0.831189
clbK,old,77,0.802513
clbK,old,78,0.79179
clbK,old,79,0.816553
clbK,old,80,0.819031
clbK,old,81,0.810624
clbK,old,82,0.836144
clbK,old,83,0.819366
clbK,old,84,0.794035
clbK,old,85,0.824951
clbK,old,86,0.821335
clbK,old,87,0.822644
clbK,old,88,0.795913
clbK,old,89,0.831736
clbK,old,90,0.819365
clbK,old,91,0.826354
clbK,old,92,0.809293
clbK,old,93,0.807375
clbK,old,94,0.80861
clbK,old,95,0.831429
clbK,old,96,0.833615
clbK,old,97,0.814605
clbK,old,98,0.815603
clbK,old,99,0.812024
clbK,old,100,0.82528
clbI,new,1,0.809878
clbI,new,2,0.823066
clbI,new,3,0.813626
clbI,new,4,0.800993
clbI,new,5,0.824232
clbI,new,6,0.796521
clbI,new,7,0.837073
clbI,new,8,0.827304
clbI,new,9,0.828396
clbI,new,10,0.813397
clbI,new,11,0.804124
clbI,new,12,0.799659
clbI,new,13,0.842303
clbI,new,14,0.817816
clbI,new,15,0.830764
clbI,new,16,0.832637
clbI,new,17,0.819988
clbI,new,18,0.798642
clbI,new,19,0.812824
clbI,new,20,0.802816
clbI,new,21,0.809383
clbI,new,22,0.803658
clbI,new,23,0.814602
clbI,new,24,0.801775
clbI,new,25,0.817054
clbI,new,26,0.805228
clbI,new,27,0.809534
clbI,new,28,0.836441
clbI,new,29,0.836781
clbI,new,30,0.817874
clbI,new,31,0.825653
clbI,new,32,0.809503
clbI,new,33,0.836785
clbI,new,34,0.821284
clbI,new,35,0.811993
clbI,new,36,0.833963
clbI,new,37,0.823208
clbI,new,38,0.828688
clbI,new,39,0.80416
clbI,new,40,0.837138
clbI,new,41,0.826561
clbI,new,42,0.832026
clbI,new,43,0.807304
clbI,new,44,0.804863
clbI,new,45,0.809102
clbI,new,46,0.806883
clbI,new,47,0.805212
clbI,new,48,0.799053
clbI,new,49,0.804934
clbI,new,50,0.811963
clbI,new,51,0.802901
clbI,new,52,0.846544
clbI,new,53,0.798756
clbI,new,54,0.830232
clbI,new,55,0.825365
clbI,new,56,0.824907
clbI,new,57,0.843265
clbI,new,58,0.820736
clbI,new,59,0.819195
clbI,new,60,0.836872
clbI,new,61,0.825172
clbI,new,62,0.826056
clbI,new,63,0.834171
clbI,new,64,0.813414
clbI,new,65,0.829294
clbI,new,66,0.821122
clbI,new,67,0.805481
clbI,new,68,0.832127
clbI,new,69,0.828206
clbI,new,70,0.831461
clbI,new,71,0.826254
clbI,new,72,0.825795
clbI,new,73,0.826663
clbI,new,74,0.815562
clbI,new,75,0.830741
clbI,new,76,0.823287
clbI,new,77,0.803749
clbI,new,78,0.797457
clbI,new,79,0.843726
clbI,new,80,0.828425
clbI,new,81,0.807314
clbI,new,82,0.830251
clbI,new,83,0.811624
clbI,new,84,0.807141
clbI,new,85,0.826484
clbI,new,86,0.801803
clbI,new,87,0.794101
clbI,new,88,0.820963
clbI,new,89,0.804243
clbI,new,90,0.800695
clbI,new,91,0.805235
clbI,new,92,0.813932
clbI,new,93,0.824163
clbI,new,94,0.827908
clbI,new,95,0.795594
clbI,new,96,0.800644
clbI,new,97,0.797962
clbI,new,98,0.809634
clbI,new,99,0.800044
clbI,new,100,0.800329
clbI,old,1,0.823151
clbI,old,2,0.820448
clbI,old,3,0.802929
clbI,old,4,0.7934
clbI,old,5,0.846594
clbI,old,6,0.831147
clbI,old,7,0.801989
clbI,old,8,0.816421
clbI,old,9,0.82232
clbI,old,10,0.840852
clbI,old,11,0.818182
clbI,old,12,0.827932
clbI,old,13,0.803785
clbI,old,14,0.808751
clbI,old,15,0.807933
clbI,old,16,0.805189
clbI,old,17,0.798605
clbI,old,18,0.795334
clbI,old,19,0.802988
clbI,old,20,0.794509
clbI,old,21,0.801658
clbI,old,22,0.824953
clbI,old,23,0.810027
clbI,old,24,0.822029
clbI,old,25,0.831383
clbI,old,26,0.808891
clbI,old,27,0.799947
clbI,old,28,0.795271
clbI,old,29,0.814733
clbI,old,30,0.832888
clbI,old,31,0.821905
clbI,old,32,0.812653
clbI,old,33,0.793538
clbI,old,34,0.806462
clbI,old,35,0.794716
clbI,old,36,0.827843
clbI,old,37,0.827023
clbI,old,38,0.795905
clbI,old,39,0.811577
clbI,old,40,0.992631
clbI,old,41,1.02374
clbI,old,42,0.82456
clbI,old,43,0.828393
clbI,old,44,0.818838
clbI,old,45,0.836107
clbI,old,46,0.803258
clbI,old,47,0.82712
clbI,old,48,0.826022
clbI,old,49,0.820563
clbI,old,50,0.828099
clbI,old,51,0.817231
clbI,old,52,0.82466
clbI,old,53,0.816565
clbI,old,54,0.798862
clbI,old,55,0.827094
clbI,old,56,0.806318
clbI,old,57,0.826739
clbI,old,58,0.833198
clbI,old,59,0.82724
clbI,old,60,0.829359
clbI,old,61,0.829763
clbI,old,62,0.819126
clbI,old,63,0.838446
clbI,old,64,0.811835
clbI,old,65,0.808329
clbI,old,66,0.812809
clbI,old,67,0.793559
clbI,old,68,0.821657
clbI,old,69,0.825666
clbI,old,70,0.802678
clbI,old,71,0.815175
clbI,old,72,0.803435
clbI,old,73,0.817429
clbI,old,74,0.807706
clbI,old,75,0.809762
clbI,old,76,0.800526
clbI,old,77,0.821883
clbI,old,78,0.821456
clbI,old,79,0.811414
clbI,old,80,0.831606
clbI,old,81,0.811044
clbI,old,82,0.800462
clbI,old,83,0.80537
clbI,old,84,0.813256
clbI,old,85,0.800528
clbI,old,86,0.823745
clbI,old,87,0.802373
clbI,old,88,0.826658
clbI,old,89,0.802172
clbI,old,90,0.815389
clbI,old,91,0.807084
clbI,old,92,0.821006
clbI,old,93,0.821814
clbI,old,94,0.821152
clbI,old,95,0.84283
clbI,old,96,0.818967
clbI,old,97,0.805203
clbI,old,98,0.792436
clbI,old,99,0.811168
clbI,old,100,0.791387
clbL,new,1,0.793587
clbL,new,2,0.841356
clbL,new,3,0.834127
clbL,new,4,0.821997
clbL,new,5,0.819186
clbL,new,6,0.819217
clbL,new,7,0.821062
clbL,new,8,0.828954
clbL,new,9,0.824779
clbL,new,10,0.806976
clbL,new,11,0.816672
clbL,new,12,0.840717
clbL,new,13,0.821657
clbL,new,14,0.828187
clbL,new,15,0.836525
clbL,new,16,0.807707
clbL,new,17,0.825096
clbL,new,18,0.818501
clbL,new,19,0.827367
clbL,new,20,0.826251
clbL,new,21,0.798283
clbL,new,22,0.829988
clbL,new,23,0.79555
clbL,new,24,0.825968
clbL,new,25,0.829173
clbL,new,26,0.806981
clbL,new,27,0.825209
clbL,new,28,0.820559
clbL,new,29,0.819676
clbL,new,30,0.814569
clbL,new,31,0.815663
clbL,new,32,0.803458
clbL,new,33,0.804789
clbL,new,34,0.805876
clbL,new,35,0.804185
clbL,new,36,0.803355
clbL,new,37,0.800547
clbL,new,38,0.799516
clbL,new,39,0.804156
clbL,new,40,0.836855
clbL,new,41,0.821964
clbL,new,42,0.806233
clbL,new,43,0.81934
clbL,new,44,0.805798
clbL,new,45,0.797482
clbL,new,46,0.8057
clbL,new,47,0.822201
clbL,new,48,0.805823
clbL,new,49,0.792889
clbL,new,50,0.801357
clbL,new,51,0.800743
clbL,new,52,0.848192
clbL,new,53,0.803328
clbL,new,54,0.808501
clbL,new,55,0.799942
clbL,new,56,0.829849
clbL,new,57,0.828707
clbL,new,58,0.837388
clbL,new,59,0.805335
clbL,new,60,0.808867
clbL,new,61,0.809409
clbL,new,62,0.802883
clbL,new,63,0.798638
clbL,new,64,0.797592
clbL,new,65,0.79487
clbL,new,66,0.807061
clbL,new,67,0.818153
clbL,new,68,0.802825
clbL,new,69,0.831552
clbL,new,70,0.813862
clbL,new,71,0.850575
clbL,new,72,0.795557
clbL,new,73,0.831815
clbL,new,74,0.808146
clbL,new,75,0.807426
clbL,new,76,0.800764
clbL,new,77,0.816968
clbL,new,78,0.804227
clbL,new,79,0.804927
clbL,new,80,0.845162
clbL,new,81,0.814639
clbL,new,82,0.81397
clbL,new,83,0.834115
clbL,new,84,0.827864
clbL,new,85,0.824089
clbL,new,86,0.810248
clbL,new,87,0.814275
clbL,new,88,0.813134
clbL,new,89,0.801898
clbL,new,90,0.797086
clbL,new,91,0.800713
clbL,new,92,0.825134
clbL,new,93,0.7987
clbL,new,94,0.832078
clbL,new,95,0.800313
clbL,new,96,0.803153
clbL,new,97,0.800943
clbL,new,98,0.829037
clbL,new,99,0.799963
clbL,new,100,0.823625
clbL,old,1,1.80037
clbL,old,2,1.81375
clbL,old,3,1.80554
clbL,old,4,1.84605
clbL,old,5,1.82044
clbL,old,6,1.81808
clbL,old,7,1.80024
clbL,old,8,1.32435
clbL,old,9,1.81558
clbL,old,10,1.82602
clbL,old,11,1.81634
clbL,old,12,1.80094
clbL,old,13,1.79836
clbL,old,14,1.80267
clbL,old,15,1.82649
clbL,old,16,1.80328
clbL,old,17,1.81153
clbL,old,18,1.3098
clbL,old,19,1.83538
clbL,old,20,1.82277
clbL,old,21,1.81748
clbL,old,22,1.83029
clbL,old,23,1.81329
clbL,old,24,1.82178
clbL,old,25,1.8197
clbL,old,26,1.80618
clbL,old,27,1.81487
clbL,old,28,1.81366
clbL,old,29,1.81156
clbL,old,30,1.79782
clbL,old,31,1.80507
clbL,old,32,1.82113
clbL,old,33,1.81651
clbL,old,34,1.81625
clbL,old,35,1.83969
clbL,old,36,1.81587
clbL,old,37,1.80477
clbL,old,38,1.82289
clbL,old,39,1.80198
clbL,old,40,1.83322
clbL,old,41,1.80812
clbL,old,42,1.79474
clbL,old,43,1.81736
clbL,old,44,1.83311
clbL,old,45,1.81456
clbL,old,46,1.8272
clbL,old,47,1.8186
clbL,old,48,1.82755
clbL,old,49,1.8271
clbL,old,50,1.81474
clbL,old,51,1.79961
clbL,old,52,1.82801
clbL,old,53,1.80502
clbL,old,54,1.80453
clbL,old,55,1.81428
clbL,old,56,1.81748
clbL,old,57,1.80172
clbL,old,58,1.82653
clbL,old,59,1.79121
clbL,old,60,1.80121
clbL,old,61,1.83425
clbL,old,62,1.29691
clbL,old,63,1.76567
clbL,old,64,1.79844
clbL,old,65,1.80825
clbL,old,66,1.81133
clbL,old,67,1.80947
clbL,old,68,1.81961
clbL,old,69,1.79745
clbL,old,70,1.79003
clbL,old,71,1.79008
clbL,old,72,1.80867
clbL,old,73,1.80744
clbL,old,74,1.80516
clbL,old,75,1.79832
clbL,old,76,1.80882
clbL,old,77,1.81771
clbL,old,78,1.81002
clbL,old,79,1.80734
clbL,old,80,1.82261
clbL,old,81,1.82548
clbL,old,82,1.82174
clbL,old,83,1.8275
clbL,old,84,1.81279
clbL,old,85,1.81034
clbL,old,86,1.81221
clbL,old,87,1.33511
clbL,old,88,1.84007
clbL,old,89,1.8093
clbL,old,90,1.81861
clbL,old,91,1.80263
clbL,old,92,1.82073
clbL,old,93,1.83195
clbL,old,94,1.83953
clbL,old,95,1.83101
clbL,old,96,1.81666
clbL,old,97,1.85127
clbL,old,98,1.81806
clbL,old,99,1.81532
clbL,old,100,1.80425
